{"cameraMode":{"drawMode":0,"name":"Shaded","section":"Shading Mode"},"sceneLighting":false,"audioPlay":false,"sceneViewState":{"m_AlwaysRefresh":false,"showFog":true,"showSkybox":false,"showFlares":true,"showImageEffects":true,"showParticleSystems":true,"showVisualEffectGraphs":true,"m_FxEnabled":true},"in2DMode":false,"pivot":{"x":7.019784927368164,"y":-4.065513610839844,"z":-14.689826965332032},"rotation":{"x":-0.002037467435002327,"y":-0.9943364858627319,"z":0.01939001865684986,"w":-0.10449264198541641},"size":1.3656775951385499,"orthographic":true}